date,covid_region,cases,deaths,admissions,date_of_extract,confirmed_covid_deaths_prev_24h,confirmed_covid_icu,covid_non_icu,suspected_covid_icu,suspected_and_confirmed_covid_icu,inpatient,confirmed_cases,new_confirmed_cases
1/1/2020,11,,,,,,,,,,5,,
1/2/2020,11,0,0,3,,,,,,,7,,
1/3/2020,11,0,0,2,,,,,,,5,,
1/4/2020,11,0,0,1,,,,,,,6,,
1/5/2020,11,0,0,2,,,,,,,12,,
1/6/2020,11,0,0,1,,,,,,,4,,
1/7/2020,11,0,0,1,,,,,,,3,,
1/8/2020,11,,,,,,,,,,9,,
1/9/2020,11,,,,,,,,,,11,,
1/10/2020,11,,,,,,,,,,10,,
1/11/2020,11,,,,,,,,,,4,,
1/12/2020,11,0,0,1,,,,,,,5,,
1/13/2020,11,,,,,,,,,,9,,
1/14/2020,11,,,,,,,,,,6,,
1/15/2020,11,,,,,,,,,,5,,
1/16/2020,11,,,,,,,,,,5,,
1/17/2020,11,,,,,,,,,,5,,
1/18/2020,11,,,,,,,,,,5,,
1/19/2020,11,,,,,,,,,,8,,
1/20/2020,11,0,0,1,,,,,,,15,,
1/21/2020,11,,,,,,,,,,2,,
1/22/2020,11,,,,,,,,,,5,,
1/23/2020,11,,,,,,,,,,9,,
1/24/2020,11,,,,,,,,,,9,,
1/25/2020,11,,,,,,,,,,5,,
1/26/2020,11,,,,,,,,,,4,,
1/27/2020,11,1,0,0,,,,,,,8,,
1/28/2020,11,,,,,,,,,,8,,
1/29/2020,11,,,,,,,,,,7,,
1/30/2020,11,,,,,,,,,,11,,
1/31/2020,11,,,,,,,,,,14,,
2/1/2020,11,,,,,,,,,,11,,
2/2/2020,11,,,,,,,,,,9,,
2/3/2020,11,,,,,,,,,,9,,
2/4/2020,11,,,,,,,,,,3,,
2/5/2020,11,,,,,,,,,,10,,
2/6/2020,11,,,,,,,,,,6,,
2/7/2020,11,,,,,,,,,,5,,
2/8/2020,11,,,,,,,,,,7,,
2/9/2020,11,,,,,,,,,,11,,
2/10/2020,11,0,0,1,,,,,,,6,,
2/11/2020,11,,,,,,,,,,5,,
2/12/2020,11,,,,,,,,,,3,,
2/13/2020,11,,,,,,,,,,14,,
2/14/2020,11,,,,,,,,,,8,,
2/15/2020,11,,,,,,,,,,5,,
2/16/2020,11,,,,,,,,,,9,,
2/17/2020,11,0,0,2,,,,,,,12,,
2/18/2020,11,0,0,1,,,,,,,6,,
2/19/2020,11,,,,,,,,,,15,,
2/20/2020,11,,,,,,,,,,2,,
2/21/2020,11,,,,,,,,,,5,,
2/22/2020,11,0,0,1,,,,,,,7,,
2/23/2020,11,,,,,,,,,,3,,
2/24/2020,11,,,,,,,,,,9,,
2/25/2020,11,,,,,,,,,,7,,
2/26/2020,11,,,,,,,,,,6,,
2/27/2020,11,,,,,,,,,,11,,
2/28/2020,11,,,,,,,,,,7,,
2/29/2020,11,,,,,,,,,,7,,
3/1/2020,11,0,0,2,,,,,,,2,,
3/2/2020,11,1,0,1,,,,,,,9,,
3/3/2020,11,0,0,3,,,,,,,8,,
3/4/2020,11,0,0,3,,,,,,,11,,
3/5/2020,11,1,0,3,,,,,,,6,,
3/6/2020,11,3,0,2,,,,,,,17,,
3/7/2020,11,3,0,3,,,,,,,9,,
3/8/2020,11,4,0,7,,,,,,,11,,
3/9/2020,11,4,0,3,,,,,,,10,,
3/10/2020,11,12,0,5,,,,,,,13,,
3/11/2020,11,8,0,6,,,,,,,12,,
3/12/2020,11,21,0,7,,,,,,,13,,
3/13/2020,11,28,0,8,,,,,,,13,,
3/14/2020,11,30,0,10,,,,,,,17,,
3/15/2020,11,32,0,21,,,,,,,16,,
3/16/2020,11,74,1,14,,,,,,,22,,
3/17/2020,11,89,1,21,,,,,,,38,0,0
3/18/2020,11,154,1,34,,,,,,,43,0,0
3/19/2020,11,164,2,36,,,,,,,47,0,0
3/20/2020,11,144,0,45,,,,,,,52,0,0
3/21/2020,11,110,2,48,,,,,,,57,0,0
3/22/2020,11,167,2,58,,,,,,,63,519,519
3/23/2020,11,260,3,97,,,,,,,79,,
3/24/2020,11,321,2,99,3/24/2020,0,55,0,84,139,112,782,263
3/25/2020,11,353,5,109,3/25/2020,0,0,0,0,0,126,915,133
3/26/2020,11,396,3,121,3/26/2020,5,89,0,103,192,121,1161,246
3/27/2020,11,376,8,140,3/27/2020,2,147,0,116,263,131,1364,203
3/28/2020,11,237,5,120,3/28/2020,4,140,0,112,252,116,1610,246
3/29/2020,11,257,21,117,3/29/2020,9,156,0,116,272,121,2026,416
3/30/2020,11,409,14,148,3/30/2020,5,196,0,111,307,144,2198,172
3/31/2020,11,460,16,136,3/31/2020,8,180,0,135,315,138,2693,495
4/1/2020,11,422,24,155,4/1/2020,5,198,0,111,309,136,3087,394
4/2/2020,11,424,15,148,4/2/2020,23,263,0,110,373,152,3279,192
4/3/2020,11,437,24,143,4/3/2020,5,217,0,114,331,154,3815,536
4/4/2020,11,319,24,136,4/4/2020,20,264,0,132,396,138,4296,481
4/5/2020,11,255,27,116,4/5/2020,10,280,0,121,401,134,4614,318
4/6/2020,11,534,24,170,4/6/2020,12,301,0,109,410,183,5067,453
4/7/2020,11,520,28,159,4/7/2020,9,306,0,106,412,182,5506,439
4/8/2020,11,590,38,133,4/8/2020,10,308,0,83,391,164,6092,586
4/9/2020,11,477,25,132,4/9/2020,11,314,0,80,394,145,6648,556
4/10/2020,11,512,34,137,4/10/2020,14,356,0,83,439,152,7230,582
4/11/2020,11,385,37,118,4/11/2020,16,364,0,76,440,139,7784,554
4/12/2020,11,304,33,109,4/12/2020,19,288,0,52,340,131,8503,719
4/13/2020,11,623,37,116,4/13/2020,14,347,0,76,423,150,9084,581
4/14/2020,11,592,35,131,4/14/2020,20,338,0,44,382,166,9616,532
4/15/2020,11,583,35,125,4/15/2020,16,381,0,65,446,144,10192,576
4/16/2020,11,598,34,122,4/16/2020,16,352,0,49,401,140,10642,450
4/17/2020,11,706,44,114,4/17/2020,28,382,0,59,441,144,11409,767
4/18/2020,11,499,42,122,4/18/2020,22,400,0,65,465,139,12007,598
4/19/2020,11,401,38,115,4/19/2020,28,399,0,87,486,135,12533,526
4/20/2020,11,870,42,130,4/20/2020,21,399,0,73,472,184,13013,480
4/21/2020,11,786,36,114,4/21/2020,24,401,0,76,477,175,13554,541
4/22/2020,11,976,47,116,4/22/2020,29,416,0,83,499,139,14394,840
4/23/2020,11,1255,45,127,4/23/2020,37,390,0,85,475,171,15073,679
4/24/2020,11,982,55,124,4/24/2020,35,396,0,86,482,173,16112,1039
4/25/2020,11,588,40,85,4/25/2020,37,422,0,86,508,128,17109,997
4/26/2020,11,427,52,92,4/26/2020,18,437,0,87,524,130,17865,756
4/27/2020,11,1103,36,120,4/27/2020,32,441,0,61,502,172,18682,817
4/28/2020,11,1248,58,133,4/28/2020,20,421,0,84,505,175,19594,912
4/29/2020,11,1045,45,122,4/29/2020,27,443,0,68,511,156,20413,819
4/30/2020,11,1167,43,119,4/30/2020,33,417,0,60,477,172,21491,1078
5/1/2020,11,1105,41,99,5/1/2020,24,429,0,41,470,158,22718,1227
5/2/2020,11,650,52,126,5/2/2020,33,428,0,50,478,163,23616,898
5/3/2020,11,449,50,97,5/3/2020,15,440,0,46,486,125,24864,1248
5/4/2020,11,1066,48,92,5/4/2020,34,442,0,52,494,145,25805,941
5/5/2020,11,1037,58,122,5/5/2020,33,416,0,46,462,150,26606,801
5/6/2020,11,941,46,98,5/6/2020,28,442,421,38,480,167,27440,834
5/7/2020,11,909,51,97,5/7/2020,26,436,920,36,472,163,28441,1001
5/8/2020,11,889,48,67,5/8/2020,34,418,908,51,469,125,29535,1094
5/9/2020,11,523,55,70,5/9/2020,17,426,794,68,494,102,30393,858
5/10/2020,11,311,40,77,5/10/2020,22,438,748,58,496,108,30950,557
5/11/2020,11,975,39,105,5/11/2020,28,430,900,54,484,154,31327,377
5/12/2020,11,949,49,97,5/12/2020,24,428,844,64,492,144,32557,1230
5/13/2020,11,905,48,89,5/13/2020,24,416,816,48,464,136,33074,517
5/14/2020,11,791,46,101,5/14/2020,34,388,829,59,447,150,34341,1267
5/15/2020,11,969,53,82,5/15/2020,28,386,784,52,438,142,35183,842
5/16/2020,11,511,29,76,5/16/2020,20,375,732,50,425,105,36006,823
5/17/2020,11,325,40,72,5/17/2020,17,374,754,58,432,105,36621,615
5/18/2020,11,949,36,87,5/18/2020,27,323,637,63,386,126,37434,813
5/19/2020,11,899,28,74,5/19/2020,18,298,629,69,367,129,37919,485
5/20/2020,11,790,28,72,5/20/2020,18,354,669,58,412,108,38839,920
5/21/2020,11,805,37,81,5/21/2020,24,357,610,58,415,123,39755,916
5/22/2020,11,768,34,70,5/22/2020,17,352,607,51,403,118,40465,710
5/23/2020,11,343,29,68,5/23/2020,17,345,568,53,398,97,41402,937
5/24/2020,11,298,28,72,5/24/2020,15,360,574,55,415,100,42372,970
5/25/2020,11,216,23,60,5/25/2020,12,343,592,58,401,82,42967,595
5/26/2020,11,790,24,52,5/26/2020,12,346,603,59,405,96,43372,405
5/27/2020,11,645,28,52,5/27/2020,15,329,581,60,389,84,43778,406
5/28/2020,11,569,26,55,5/28/2020,17,312,536,62,374,80,44170,392
5/29/2020,11,538,20,40,5/29/2020,14,306,490,43,349,72,44666,496
5/30/2020,11,267,21,41,5/30/2020,10,318,485,55,373,54,45085,419
5/31/2020,11,127,25,30,5/31/2020,11,288,471,61,349,42,45527,442
6/1/2020,11,262,23,51,6/1/2020,11,279,478,57,336,61,45837,310
6/2/2020,11,272,27,37,6/2/2020,16,270,465,51,321,64,46733,896
6/3/2020,11,360,20,44,6/3/2020,14,271,441,58,329,60,46977,244
6/4/2020,11,398,18,25,6/4/2020,18,259,400,43,302,49,47251,274
6/5/2020,11,413,17,36,6/5/2020,12,267,382,53,320,50,47551,300
6/6/2020,11,204,19,32,6/6/2020,9,228,398,56,284,48,47904,353
6/7/2020,11,118,20,27,6/7/2020,9,226,368,54,280,49,48175,271
6/8/2020,11,330,15,32,6/8/2020,8,235,347,55,290,46,48363,188
6/9/2020,11,278,23,25,6/9/2020,10,223,338,53,276,56,48603,240
6/10/2020,11,273,16,25,6/10/2020,17,191,327,57,248,44,48742,139
6/11/2020,11,260,13,23,6/11/2020,9,208,297,35,243,33,48939,197
6/12/2020,11,295,21,21,6/12/2020,9,189,275,26,215,36,49101,162
6/13/2020,11,144,18,17,6/13/2020,8,182,234,37,219,38,49285,184
6/14/2020,11,86,12,22,6/14/2020,11,177,217,38,215,35,49449,164
6/15/2020,11,284,21,29,6/15/2020,10,160,210,50,210,50,49603,154
6/16/2020,11,265,15,21,6/16/2020,10,163,221,41,204,42,49776,173
6/17/2020,11,260,23,23,6/17/2020,9,156,241,48,204,41,49929,153
6/18/2020,11,219,19,26,6/18/2020,13,145,216,42,187,40,50084,155
6/19/2020,11,239,19,31,6/19/2020,17,130,206,31,161,35,50277,193
6/20/2020,11,141,9,16,6/20/2020,5,124,203,39,163,28,50425,148
6/21/2020,11,60,15,14,6/21/2020,4,117,188,45,162,14,50541,116
6/22/2020,11,278,15,25,6/22/2020,9,116,186,45,161,38,50635,94
6/23/2020,11,237,10,19,6/23/2020,7,105,213,46,151,36,50833,198
6/24/2020,11,277,13,23,6/24/2020,6,99,164,41,140,42,50996,163
6/25/2020,11,249,14,16,6/25/2020,7,102,176,48,150,27,51267,271
6/26/2020,11,244,18,23,6/26/2020,7,100,166,35,135,22,51511,244
6/27/2020,11,133,6,13,6/27/2020,2,103,163,27,130,28,51728,217
6/28/2020,11,123,11,22,6/28/2020,2,95,141,35,130,22,51950,222
6/29/2020,11,299,11,26,6/29/2020,2,96,151,43,139,36,52150,200
6/30/2020,11,273,3,23,6/30/2020,4,95,142,44,139,34,52354,204
7/1/2020,11,269,15,18,7/1/2020,2,92,143,38,130,25,52560,206
7/2/2020,11,270,12,20,7/2/2020,7,85,141,35,120,36,52833,273
7/3/2020,11,181,8,24,7/3/2020,3,78,143,37,115,30,53089,256
7/4/2020,11,58,7,14,7/4/2020,2,72,149,23,95,18,53375,286
7/5/2020,11,89,8,15,7/5/2020,3,76,147,39,115,18,53531,156
7/6/2020,11,280,8,20,7/6/2020,3,75,144,43,118,26,53670,139
7/7/2020,11,369,5,25,7/7/2020,2,72,149,55,127,27,53820,150
7/8/2020,11,332,7,20,7/8/2020,7,66,158,53,119,26,54044,224
7/9/2020,11,273,11,29,7/9/2020,1,63,151,40,103,29,54344,300
7/10/2020,11,354,9,26,7/10/2020,6,69,146,35,104,21,54676,332
7/11/2020,11,151,3,17,7/11/2020,1,65,146,32,97,22,54968,292
7/12/2020,11,94,4,13,7/12/2020,1,71,147,33,104,18,55226,258
7/13/2020,11,352,5,27,7/13/2020,2,70,141,35,105,35,55399,173
7/14/2020,11,335,6,20,7/14/2020,1,68,134,37,105,29,55583,184
7/15/2020,11,280,9,19,7/15/2020,1,65,148,32,97,19,55857,274
7/16/2020,11,318,2,23,7/16/2020,4,64,140,36,100,32,56190,333
7/17/2020,11,312,6,20,7/17/2020,0,72,131,43,115,40,56536,346
7/18/2020,11,124,9,12,7/18/2020,4,64,124,43,107,26,56780,244
7/19/2020,11,103,3,18,7/19/2020,2,60,128,48,108,23,56963,183
7/20/2020,11,400,6,18,7/20/2020,1,60,120,30,90,25,57150,187
7/21/2020,11,309,3,31,7/21/2020,2,52,127,38,90,35,57342,192
7/22/2020,11,356,6,21,7/22/2020,1,50,131,32,82,33,57694,352
7/23/2020,11,313,5,26,7/23/2020,2,55,143,30,85,23,58080,386
7/24/2020,11,358,5,21,7/24/2020,1,61,132,36,97,24,58445,365
7/25/2020,11,148,11,17,7/25/2020,4,60,119,47,107,23,58780,335
7/26/2020,11,110,8,13,7/26/2020,1,64,118,47,111,23,59135,355
7/27/2020,11,370,3,17,7/27/2020,9,64,119,33,97,25,59403,268
7/28/2020,11,339,7,12,7/28/2020,0,65,123,42,107,24,59691,288
7/29/2020,11,438,6,13,7/29/2020,0,63,124,41,104,19,60002,311
7/30/2020,11,320,6,15,7/30/2020,3,66,119,47,113,23,60372,370
7/31/2020,11,399,3,15,7/31/2020,1,68,128,31,99,30,60827,455
8/1/2020,11,161,11,17,8/1/2020,2,70,118,30,100,16,61205,378
8/2/2020,11,98,6,16,8/2/2020,4,64,124,37,101,21,61601,396
8/3/2020,11,432,5,23,8/3/2020,3,60,129,45,105,23,61942,341
8/4/2020,11,379,4,26,8/4/2020,3,64,143,38,102,28,62145,203
8/5/2020,11,376,7,16,8/5/2020,3,56,135,38,94,22,62457,312
8/6/2020,11,351,6,16,8/6/2020,0,59,137,34,93,13,62807,350
8/7/2020,11,438,10,19,8/7/2020,2,54,141,39,93,18,63124,317
8/8/2020,11,177,5,12,8/8/2020,1,54,123,38,92,16,63577,453
8/9/2020,11,100,6,13,8/9/2020,1,58,117,45,103,18,63876,299
8/10/2020,11,398,5,17,8/10/2020,2,55,120,30,85,23,64129,253
8/11/2020,11,381,6,16,8/11/2020,1,54,129,38,92,23,64356,227
8/12/2020,11,458,3,26,8/12/2020,3,59,119,43,102,21,64611,255
8/13/2020,11,392,5,19,8/13/2020,1,55,117,44,99,23,64994,383
8/14/2020,11,345,5,19,8/14/2020,1,52,113,35,87,23,65484,490
8/15/2020,11,226,8,15,8/15/2020,2,58,124,36,94,17,65801,317
8/16/2020,11,126,8,12,8/16/2020,2,65,121,23,88,16,66138,337
8/17/2020,11,486,3,17,8/17/2020,1,63,140,35,98,26,66431,293
8/18/2020,11,395,6,11,8/18/2020,1,59,121,33,92,30,66673,242
8/19/2020,11,471,9,19,8/19/2020,3,60,118,39,99,23,67110,437
8/20/2020,11,387,6,15,8/20/2020,1,64,107,49,113,26,67468,358
8/21/2020,11,430,8,13,8/21/2020,1,61,101,29,90,23,67915,447
8/22/2020,11,188,6,14,8/22/2020,3,53,105,27,80,32,68368,453
8/23/2020,11,115,5,18,8/23/2020,2,50,108,23,73,23,68722,354
8/24/2020,11,508,8,21,8/24/2020,1,59,117,31,90,18,69022,300
8/25/2020,11,384,7,21,8/25/2020,2,54,100,36,90,25,69266,244
8/26/2020,11,421,6,24,8/26/2020,0,62,107,46,108,22,69594,328
8/27/2020,11,373,3,17,8/27/2020,0,66,116,31,97,28,69815,221
8/28/2020,11,420,6,16,8/28/2020,2,60,126,31,91,21,70331,516
8/29/2020,11,220,5,16,8/29/2020,2,58,102,12,70,19,70549,218
8/30/2020,11,108,6,18,8/30/2020,1,65,109,25,90,23,70984,435
8/31/2020,11,426,7,27,8/31/2020,4,58,115,39,97,22,71285,301
9/1/2020,11,337,8,11,9/1/2020,0,53,128,35,88,13,71441,156
9/2/2020,11,408,6,12,9/2/2020,2,64,136,35,99,23,71725,284
9/3/2020,11,367,6,14,9/3/2020,1,56,128,39,95,24,71895,170
9/4/2020,11,416,3,16,9/4/2020,1,62,126,30,92,33,72613,718
9/5/2020,11,207,8,18,9/5/2020,1,55,120,28,83,17,73136,523
9/6/2020,11,136,5,8,9/6/2020,0,55,105,36,91,11,73346,210
9/7/2020,11,77,3,10,9/7/2020,1,52,113,32,84,24,73634,288
9/8/2020,11,374,2,16,9/8/2020,0,54,102,33,87,26,73828,194
9/9/2020,11,425,5,14,9/9/2020,1,53,102,24,77,26,73956,128
9/10/2020,11,328,5,13,9/10/2020,1,50,105,40,90,15,74190,234
9/11/2020,11,359,5,17,9/11/2020,1,60,97,41,101,21,74566,376
9/12/2020,11,126,6,9,9/12/2020,4,51,90,27,78,17,74894,328
9/13/2020,11,115,7,17,9/13/2020,2,45,99,36,81,10,75152,258
9/14/2020,11,417,5,15,9/14/2020,0,48,89,25,73,17,75409,257
9/15/2020,11,344,4,15,9/15/2020,0,52,98,32,84,16,75594,185
9/16/2020,11,384,10,25,9/16/2020,1,63,94,34,97,25,75842,248
9/17/2020,11,352,2,15,9/17/2020,2,63,99,17,80,31,76242,400
9/18/2020,11,322,6,12,9/18/2020,1,57,103,14,71,20,76511,269
9/19/2020,11,181,4,13,9/19/2020,1,65,102,19,84,20,76966,455
9/20/2020,11,92,9,13,9/20/2020,1,71,105,33,104,24,77241,275
9/21/2020,11,396,4,19,9/21/2020,4,65,116,30,95,21,77486,245
9/22/2020,11,328,5,15,9/22/2020,3,47,128,28,75,39,77687,201
9/23/2020,11,382,13,22,9/23/2020,2,55,124,52,107,29,77989,302
9/24/2020,11,395,9,18,9/24/2020,3,49,129,45,94,26,78345,356
9/25/2020,11,387,5,23,9/25/2020,1,46,142,31,77,21,78707,362
9/26/2020,11,227,7,15,9/26/2020,0,47,137,26,73,18,79114,407
9/27/2020,11,139,7,20,9/27/2020,3,35,125,25,60,29,79389,275
9/28/2020,11,401,5,19,9/28/2020,0,48,138,37,85,28,79765,376
9/29/2020,11,360,7,18,9/29/2020,0,54,134,41,95,24,79939,174
9/30/2020,11,427,3,17,9/30/2020,4,45,134,27,72,14,80265,326
10/1/2020,11,362,6,19,10/1/2020,0,43,128,35,78,28,80680,415
10/2/2020,11,402,6,21,10/2/2020,1,50,131,24,74,21,81012,332
10/3/2020,11,206,7,22,10/3/2020,1,45,129,37,82,29,81463,451
10/4/2020,11,138,10,11,10/4/2020,0,51,130,34,85,18,81702,239
10/5/2020,11,514,6,12,10/5/2020,0,51,130,34,85,45,82041,339
10/6/2020,11,517,6,14,10/6/2020,0,58,129,25,83,33,82233,192
10/7/2020,11,509,1,8,10/7/2020,4,57,122,27,84,27,82557,324
10/8/2020,11,571,6,9,10/8/2020,0,58,130,34,92,33,83070,513
10/9/2020,11,662,9,8,10/9/2020,4,60,139,23,83,41,83510,440
10/10/2020,11,399,7,18,10/10/2020,3,59,123,30,89,31,84085,575
10/11/2020,11,268,5,22,10/11/2020,1,58,131,22,80,23,84647,562
10/12/2020,11,625,5,23,10/12/2020,2,60,153,35,95,43,85153,506
10/13/2020,11,786,7,19,10/13/2020,2,63,169,26,89,28,85640,487
10/14/2020,11,766,6,22,10/14/2020,4,60,165,23,83,23,86092,452
10/15/2020,11,834,4,21,10/15/2020,0,67,172,26,93,35,86801,709
10/16/2020,11,896,6,22,10/16/2020,3,74,178,29,103,40,87575,774
10/17/2020,11,490,5,29,10/17/2020,4,64,144,29,93,45,88460,885
10/18/2020,11,327,3,31,10/18/2020,2,69,169,38,107,34,89392,932
10/19/2020,11,1082,6,33,10/19/2020,3,72,199,25,97,44,89958,566
10/20/2020,11,1105,7,32,10/20/2020,1,76,213,23,99,46,90500,542
10/21/2020,11,1106,6,44,10/21/2020,2,85,224,33,118,42,91406,906
10/22/2020,11,1212,7,52,10/22/2020,5,87,218,28,115,46,92431,1025
10/23/2020,11,970,6,43,10/23/2020,2,87,229,31,118,41,93234,803
10/24/2020,11,846,6,40,10/24/2020,1,94,239,31,125,45,94416,1182
10/25/2020,11,488,12,28,10/25/2020,3,100,256,26,126,37,95463,1047
10/26/2020,11,1466,13,55,10/26/2020,1,101,283,30,131,68,96389,926
10/27/2020,11,1479,9,46,10/27/2020,3,104,273,37,141,62,97041,652
10/28/2020,11,1612,11,61,10/28/2020,4,114,305,38,152,56,98040,999
10/29/2020,11,1732,8,56,10/29/2020,4,113,299,38,151,73,99445,1405
10/30/2020,11,1847,8,58,10/30/2020,5,124,325,37,161,75,100952,1507
10/31/2020,11,994,11,50,10/31/2020,5,134,350,39,173,77,102638,1686
11/1/2020,11,662,8,45,11/1/2020,6,145,366,52,197,58,104526,1888
11/2/2020,11,2177,17,59,11/2/2020,3,139,386,46,185,98,105999,1473
11/3/2020,11,1948,17,65,11/3/2020,13,130,423,45,175,96,107183,1184
11/4/2020,11,2307,13,66,11/4/2020,7,141,424,41,182,77,108570,1387
11/5/2020,11,2387,7,63,11/5/2020,4,139,447,54,193,87,110752,2182
11/6/2020,11,2663,13,75,11/6/2020,2,151,493,39,190,109,113335,2583
11/7/2020,11,1488,16,73,11/7/2020,4,166,510,26,192,94,115635,2300
11/8/2020,11,1035,15,74,11/8/2020,8,168,525,24,192,74,117525,1890
11/9/2020,11,2982,15,85,11/9/2020,7,176,558,44,220,127,119960,2435
11/10/2020,11,3189,19,83,11/10/2020,10,203,574,38,241,112,122040,2080
11/11/2020,11,2366,10,86,11/11/2020,9,207,624,42,249,108,123900,1860
11/12/2020,11,2888,23,67,11/12/2020,1,216,640,44,260,110,126599,2699
11/13/2020,11,2703,22,66,11/13/2020,12,215,615,35,250,102,129585,2986
11/14/2020,11,1388,18,52,11/14/2020,9,211,637,37,248,105,131597,2012
11/15/2020,11,828,14,63,11/15/2020,13,250,616,62,312,97,133874,2277
11/16/2020,11,2580,29,94,11/16/2020,11,236,662,38,274,125,136316,2442
11/17/2020,11,2456,25,85,11/17/2020,16,229,701,39,268,111,138383,2067
11/18/2020,11,2390,18,69,11/18/2020,10,251,690,39,290,84,139828,1445
11/19/2020,11,2284,17,67,11/19/2020,10,240,719,42,282,93,142669,2841
11/20/2020,11,2387,32,75,11/20/2020,10,254,736,36,290,108,145003,2334
11/21/2020,11,1294,21,53,11/21/2020,16,253,688,42,295,81,147148,2145
11/22/2020,11,806,22,64,11/22/2020,13,259,710,43,302,76,149084,1936
11/23/2020,11,2490,19,79,11/23/2020,9,267,694,42,309,107,150773,1689
11/24/2020,11,1932,22,78,11/24/2020,6,256,700,38,294,93,152310,1537
11/25/2020,11,1901,17,69,11/25/2020,6,260,698,40,300,87,154315,2005
11/26/2020,11,288,24,60,11/26/2020,7,254,703,39,293,86,156926,2611
11/27/2020,11,1229,23,80,11/27/2020,12,254,709,42,296,120,158404,1478
11/28/2020,11,1372,20,60,11/28/2020,13,241,734,43,284,95,159604,1200
11/29/2020,11,897,18,55,11/29/2020,4,245,740,34,279,86,160802,1198
11/30/2020,11,2414,29,78,11/30/2020,8,260,760,34,294,102,161776,974
12/1/2020,11,2157,42,83,12/1/2020,21,260,774,26,286,113,163741,1965
12/2/2020,11,2038,41,72,12/2/2020,22,250,747,37,287,95,165182,1441
12/3/2020,11,2004,33,79,12/3/2020,8,257,722,33,290,98,167409,2227
12/4/2020,11,1868,37,65,12/4/2020,21,257,720,32,289,108,169166,1757
12/5/2020,11,1177,14,58,12/5/2020,15,257,677,27,284,60,171062,1896
12/6/2020,11,663,26,57,12/6/2020,10,271,693,28,299,70,172711,1649
12/7/2020,11,2122,33,65,12/7/2020,13,258,746,23,281,95,174573,1862
12/8/2020,11,2038,36,41,12/8/2020,13,267,693,21,288,80,175752,1179
12/9/2020,11,1800,28,69,12/9/2020,16,272,656,27,299,84,177061,1309
12/10/2020,11,1723,23,76,12/10/2020,15,263,649,31,294,96,179159,2098
12/11/2020,11,1678,26,67,12/11/2020,7,268,645,33,301,94,180995,1836
12/12/2020,11,912,23,57,12/12/2020,13,270,647,39,309,65,182719,1724
12/13/2020,11,637,24,43,12/13/2020,15,258,661,38,296,83,184192,1473
12/14/2020,11,1439,27,70,12/14/2020,11,253,631,30,283,73,185883,1691
12/15/2020,11,1629,27,49,12/15/2020,11,254,666,34,288,77,187080,1197
12/16/2020,11,1424,24,44,12/16/2020,11,266,636,36,302,76,188289,1209
12/17/2020,11,1400,24,44,12/17/2020,10,261,630,29,290,81,190118,1829
12/18/2020,11,1321,23,39,12/18/2020,9,264,627,17,281,94,191503,1385
12/19/2020,11,807,28,51,12/19/2020,14,262,593,26,288,71,192770,1267
12/20/2020,11,589,30,43,12/20/2020,11,256,608,29,285,56,193902,1132
12/21/2020,11,1435,22,58,12/21/2020,24,259,633,20,279,71,194915,1013
12/22/2020,11,1387,19,42,12/22/2020,16,237,616,20,257,75,195982,1067
12/23/2020,11,1222,25,54,12/23/2020,8,246,609,14,260,70,197053,1071
12/24/2020,11,601,24,28,12/24/2020,12,247,584,24,271,48,198165,1112
12/25/2020,11,170,22,38,12/25/2020,12,229,548,19,248,49,199189,1024
12/26/2020,11,905,22,48,12/26/2020,12,238,542,30,268,72,199960,771
12/27/2020,11,586,31,53,12/27/2020,10,225,562,32,257,78,200721,761
12/28/2020,11,1611,22,50,12/28/2020,12,240,583,34,274,84,201443,722
12/29/2020,11,1675,24,34,12/29/2020,14,232,613,26,258,67,202346,903
12/30/2020,11,1402,21,26,12/30/2020,9,230,589,30,260,52,203523,1177
12/31/2020,11,932,20,47,12/31/2020,18,222,552,27,249,57,204914,1391
1/1/2021,11,264,24,38,1/1/2021,14,215,519,20,235,46,206186,1272
1/2/2021,11,999,22,35,1/2/2021,11,210,457,16,226,52,207076,890
1/3/2021,11,593,20,43,1/3/2021,11,217,528,22,239,60,207929,853
1/4/2021,11,1670,16,49,1/4/2021,16,202,507,23,225,68,208934,1005
1/5/2021,11,1477,17,44,1/5/2021,7,196,511,25,221,64,210136,1202
1/6/2021,11,1405,15,37,1/6/2021,7,184,516,19,203,47,211328,1192
1/7/2021,11,1297,19,55,1/7/2021,9,186,491,27,213,78,213106,1778
1/8/2021,11,1183,20,25,1/8/2021,8,177,494,15,192,48,214872,1766
1/9/2021,11,733,23,27,1/9/2021,7,179,459,18,197,57,216264,1392
1/10/2021,11,474,19,30,1/10/2021,8,176,470,19,195,56,217158,894
1/11/2021,11,1271,21,51,1/11/2021,5,170,471,23,193,75,218015,857
1/12/2021,11,1032,12,30,1/12/2021,3,162,500,21,183,59,219302,1287
1/13/2021,11,1097,22,35,1/13/2021,7,161,476,17,178,49,220190,888
1/14/2021,11,988,18,32,1/14/2021,3,156,451,21,177,51,221699,1509
1/15/2021,11,1012,16,37,1/15/2021,8,149,457,27,176,56,222965,1266
1/16/2021,11,655,14,35,1/16/2021,5,145,420,23,168,66,223949,984
1/17/2021,11,401,22,33,1/17/2021,6,146,440,25,171,38,224814,865
1/18/2021,11,658,17,31,1/18/2021,5,151,436,35,186,61,225409,595
1/19/2021,11,1093,26,29,1/19/2021,13,150,401,36,186,70,226184,775
1/20/2021,11,795,19,22,1/20/2021,8,139,424,23,162,46,226856,672
1/21/2021,11,793,15,30,1/21/2021,5,138,431,17,155,65,227599,743
1/22/2021,11,727,15,19,1/22/2021,9,136,424,22,158,40,228825,1226
1/23/2021,11,582,10,30,1/23/2021,5,132,409,28,160,39,229781,956
1/24/2021,11,342,25,28,1/24/2021,3,135,397,26,161,37,230403,622
1/25/2021,11,865,17,39,1/25/2021,7,139,390,30,169,47,230932,529
1/26/2021,11,633,13,29,1/26/2021,5,137,374,30,167,40,231446,514
1/27/2021,11,675,19,25,1/27/2021,4,129,382,17,146,52,232075,629
1/28/2021,11,603,13,24,1/28/2021,3,132,382,16,148,41,232887,812
1/29/2021,11,647,20,23,1/29/2021,4,128,366,12,140,43,233562,675
1/30/2021,11,431,12,15,1/30/2021,3,125,346,18,143,37,234161,599
1/31/2021,11,173,20,19,1/31/2021,4,123,334,18,141,25,234634,473
2/1/2021,11,608,16,20,2/1/2021,5,124,336,18,142,43,235042,408
2/2/2021,11,646,10,34,2/2/2021,7,132,323,21,153,36,235366,324
2/3/2021,11,583,10,25,2/3/2021,5,138,313,19,157,39,235839,473
2/4/2021,11,537,19,34,2/4/2021,2,135,307,15,150,40,236416,577
2/5/2021,11,410,11,23,2/5/2021,7,120,296,20,140,48,237036,620
2/6/2021,11,277,17,14,2/6/2021,6,125,279,29,154,25,237606,570
2/7/2021,11,203,19,16,2/7/2021,5,118,271,17,135,33,238022,416
2/8/2021,11,393,18,25,2/8/2021,3,123,285,29,152,43,238251,229
2/9/2021,11,404,10,18,2/9/2021,3,124,278,21,145,32,238517,266
2/10/2021,11,343,19,19,2/10/2021,5,119,279,14,133,42,238915,398
2/11/2021,11,477,14,24,2/11/2021,3,118,299,16,134,33,239490,575
2/12/2021,11,341,15,13,2/12/2021,6,100,286,13,113,30,240025,535
2/13/2021,11,244,11,11,2/13/2021,6,96,266,13,109,21,240417,392
2/14/2021,11,138,18,11,2/14/2021,2,95,249,19,114,22,240689,272
2/15/2021,11,271,16,9,2/15/2021,2,97,253,18,115,25,240933,244
2/16/2021,11,212,9,13,2/16/2021,4,99,244,11,110,23,,
2/17/2021,11,379,12,13,2/17/2021,4,101,232,19,120,24,,
2/18/2021,11,297,15,21,2/18/2021,4,93,220,12,105,34,,
2/19/2021,11,330,10,23,2/19/2021,5,92,211,14,106,25,,
2/20/2021,11,233,12,10,2/20/2021,3,94,192,18,112,18,,
2/21/2021,11,162,10,9,2/21/2021,3,97,180,12,109,17,,
2/22/2021,11,383,10,15,2/22/2021,0,92,184,13,105,22,,
2/23/2021,11,300,14,12,2/23/2021,3,80,190,6,86,14,,
2/24/2021,11,326,15,17,2/24/2021,2,85,174,13,98,29,,
2/25/2021,11,258,10,10,2/25/2021,1,96,166,21,117,17,,
2/26/2021,11,338,11,8,2/26/2021,8,83,154,19,102,14,,
2/27/2021,11,176,18,11,2/27/2021,5,83,127,19,102,20,,
2/28/2021,11,145,9,10,2/28/2021,3,78,132,12,90,11,,
3/1/2021,11,290,7,14,3/1/2021,1,74,137,20,94,20,,
3/2/2021,11,325,14,11,3/2/2021,4,68,144,14,82,29,,
3/3/2021,11,324,12,16,3/3/2021,3,63,155,13,76,18,,
3/4/2021,11,259,15,14,3/4/2021,1,63,149,12,75,24,,
3/5/2021,11,265,10,13,3/5/2021,3,62,150,14,76,19,,
3/6/2021,11,207,7,19,3/6/2021,3,67,139,23,90,29,,
3/7/2021,11,159,10,10,3/7/2021,0,71,141,31,102,9,,
3/8/2021,11,307,10,12,3/8/2021,2,66,145,22,88,18,,
3/9/2021,11,319,10,11,3/9/2021,3,60,149,15,75,21,,
3/10/2021,11,298,15,11,3/10/2021,4,64,147,9,73,21,,
3/11/2021,11,308,13,13,3/11/2021,4,56,149,14,70,27,,
3/12/2021,11,334,10,8,3/12/2021,1,56,133,12,68,16,,
3/13/2021,11,211,7,8,3/13/2021,2,54,136,17,71,13,,
3/14/2021,11,182,8,8,3/14/2021,1,48,133,13,61,14,,
3/15/2021,11,337,11,17,3/15/2021,4,55,134,13,68,25,,
3/16/2021,11,399,8,15,3/16/2021,2,58,126,16,74,26,,
3/17/2021,11,445,13,12,3/17/2021,3,56,138,12,68,23,,
3/18/2021,11,375,8,12,3/18/2021,4,51,138,18,69,31,,
3/19/2021,11,405,6,17,3/19/2021,2,51,146,10,61,31,,
3/20/2021,11,262,11,15,3/20/2021,1,54,149,12,66,22,,
3/21/2021,11,194,10,30,3/21/2021,3,47,141,18,65,33,,
3/22/2021,11,480,7,16,3/22/2021,2,68,159,16,84,36,,
3/23/2021,11,481,8,22,3/23/2021,0,70,149,17,87,39,,
3/24/2021,11,604,10,15,3/24/2021,3,70,157,23,93,28,,
3/25/2021,11,596,8,17,3/25/2021,4,64,176,22,86,41,,
3/26/2021,11,535,9,16,3/26/2021,1,68,181,14,82,33,,
3/27/2021,11,386,9,18,3/27/2021,1,71,157,21,92,22,,
3/28/2021,11,328,9,24,3/28/2021,3,73,173,6,79,32,,
3/29/2021,11,678,6,22,3/29/2021,4,74,177,12,86,33,,
3/30/2021,11,654,9,19,3/30/2021,1,90,180,6,96,29,,
3/31/2021,11,683,7,22,3/31/2021,1,82,186,13,95,35,,
